a,b,true_result,classical_fp,qft_result,abs_error
0.4931208874007341,0.4260702392679966,0.06705064813273753,-0.9365079365079365,-0.9365079365079365,0.0
-0.11001880844630585,0.6955251961026739,-0.8055440045489798,0.23809523809523814,0.23809523809523814,0.0
0.6454762558404884,0.7579029551313449,-0.11242669929085647,0.9365079365079365,0.9365079365079365,0.0
0.35526245230685494,0.006539265329578603,0.34872318697727633,-0.6507936507936508,-0.6507936507936508,0.0
-0.7304807738022309,0.036495206533024405,-0.7669759803352553,0.23809523809523814,0.23809523809523814,0.0
0.8561202329461607,0.5397667393749056,0.3163534935712551,-0.7142857142857143,-0.7142857142857143,0.0
0.4700514635826353,-0.3339887548604378,0.804040218443073,-0.2063492063492064,-0.2063492063492064,0.0
0.5149157494985169,0.6072882522211235,-0.09237250272260655,0.9365079365079365,0.9365079365079365,0.0
-0.6693954611840174,-0.010545036268637786,-0.6588504249153796,0.3650793650793651,0.3650793650793651,0.0
-0.08930531178797918,-0.6914578961965169,0.6021525844085377,-0.39682539682539686,-0.39682539682539686,0.0
-0.23256355638135373,-0.7702935352687014,0.5377299788873476,-0.46031746031746035,-0.46031746031746035,0.0
0.7681769799274832,0.6155877798710335,0.15258920005644971,-0.8412698412698413,-0.8412698412698413,0.0
0.2589572161451962,-0.7999777495676198,1.058934965712816,0.0793650793650793,0.0793650793650793,0.0
0.5809709038874941,-0.3948994149594194,0.9758703188469134,-0.015873015873015928,-0.015873015873015928,0.0
-0.10185444211080397,-0.2985659270972175,0.19671148498641355,-0.8095238095238095,-0.8095238095238095,0.0
-0.4909703007874016,-0.5886099986551312,0.09763969786772958,-0.9047619047619048,-0.9047619047619048,0.0
0.0982526166285026,-0.3349919343564194,0.433244550984922,-0.5555555555555556,-0.5555555555555556,0.0
-0.7851289390124845,0.4368466201051543,-1.2219755591176389,-0.17460317460317465,-0.17460317460317465,0.0
0.5897361095866477,-0.8735708815918727,1.4633069911785204,0.46031746031746024,0.46031746031746024,0.0
0.23699591841971668,0.5889121641372356,-0.3519162457175189,0.6825396825396826,0.6825396825396826,0.0
0.4645579321536729,0.6417864424342047,-0.17722851028053177,0.8412698412698412,0.8412698412698412,0.0
-0.261853257366237,-0.22992916825521326,-0.031924089111023735,1.0,1.0,0.0
0.847256443910826,-0.6234967816908574,1.4707532256016833,0.46031746031746024,0.46031746031746024,0.0
0.7076180183799557,0.18151273430114567,0.5261052840788101,-0.46031746031746035,-0.46031746031746035,0.0
0.5010902947327714,-0.6845893994431902,1.1856796941759615,0.17460317460317465,0.17460317460317465,0.0
-0.5496503258664585,-0.2431451500591455,-0.30650517580731296,0.7142857142857142,0.7142857142857142,0.0
-0.0599021932913385,0.8251725256217503,-0.8850747189130888,0.17460317460317465,0.17460317460317465,0.0
-0.8211532215829882,0.8918360506505468,-1.7129892722335351,-0.6825396825396826,-0.6825396825396826,0.0
-0.622278914278414,0.489788804438254,-1.112067718716668,-0.07936507936507942,-0.07936507936507942,0.0
0.32948811583641835,-0.34026928214262087,0.6697573979790392,-0.33333333333333337,-0.33333333333333337,0.0
0.44057188063407093,0.3377970884989666,0.10277479213510432,-0.9047619047619048,-0.9047619047619048,0.0
0.8415175183815781,0.36973145787122286,0.4717860605103552,-0.5238095238095238,-0.5238095238095238,0.0
-0.31351435535132655,-0.2018849487054305,-0.11162940664589605,0.9365079365079365,0.9365079365079365,0.0
-0.23317252913723596,0.25359954225508685,-0.4867720713923228,0.5555555555555556,0.5555555555555556,0.0
-0.054799539703545785,-0.8806902390437827,0.825890699340237,-0.17460317460317465,-0.17460317460317465,0.0
-0.5589515536482857,-0.5236962145159654,-0.035255339132320374,1.0,1.0,0.0
-0.666141290396151,0.04515894534107012,-0.7113002357372211,0.33333333333333326,0.33333333333333326,0.0
-0.043731132793319305,-0.6052476523350674,0.5615165195417481,-0.4285714285714286,-0.4285714285714286,0.0
-0.49156317170840863,-0.6013676378222395,0.10980446611383082,-0.9047619047619048,-0.9047619047619048,0.0
0.3056651904285187,0.6053477229904282,-0.29968253256190946,0.7142857142857142,0.7142857142857142,0.0
-0.11312654602980465,0.8804394048304899,-0.9935659508602945,0.04761904761904767,0.04761904761904767,0.0
0.5988207529041073,0.10074497045120723,0.4980757824529001,-0.5238095238095238,-0.5238095238095238,0.0
0.36047718360404846,0.6103255155870843,-0.2498483319830358,0.7777777777777777,0.7777777777777777,0.0
-0.33774004551232606,0.8825789957872906,-1.2203190412996165,-0.17460317460317465,-0.17460317460317465,0.0
0.5980676425113619,-0.6451274005762055,1.2431950430875673,0.23809523809523814,0.23809523809523814,0.0
0.5485758434942433,-0.09315789614216807,0.6417337396364113,-0.3650793650793651,-0.3650793650793651,0.0
-0.202538917745686,-0.19336911148454416,-0.009169806261141833,-1.0,-1.0,0.0
-0.38100941292556056,-0.7559112894368669,0.37490187651130635,-0.6507936507936508,-0.6507936507936508,0.0
0.3284919071549558,0.45959431103053994,-0.13110240387558414,0.9047619047619047,0.9047619047619047,0.0
-0.6484455295032423,-0.11919775081933259,-0.5292477786839097,0.4920634920634921,0.4920634920634921,0.0
-0.540165235544805,-0.055211518457277675,-0.4849537170875273,0.5238095238095237,0.5238095238095237,0.0
-0.8867479144481901,-0.6287886471361677,-0.25795926731202246,0.7777777777777777,0.7777777777777777,0.0
0.5164638795038491,-0.5743320259844373,1.0907959054882865,0.11111111111111116,0.11111111111111116,0.0
0.29673154186565787,0.732786519881187,-0.43605497801552917,0.5873015873015872,0.5873015873015872,0.0
0.3692976815274033,-0.819631639846298,1.1889293213737013,0.17460317460317465,0.17460317460317465,0.0
0.5053122558395423,-0.48086588710132877,0.9861781429408711,-0.015873015873015928,-0.015873015873015928,0.0
-0.0739516040309881,-0.3742932054338489,0.3003416014028608,-0.7142857142857143,-0.7142857142857143,0.0
0.12373415271520882,-0.017644423677144472,0.1413785763923533,-0.873015873015873,-0.873015873015873,0.0
-0.6483654033702166,0.1556013114266327,-0.8039667147968493,0.23809523809523814,0.23809523809523814,0.0
-0.6938458676352478,-0.012078043468800148,-0.6817678241664477,0.3650793650793651,0.3650793650793651,0.0
0.3031253312228489,-0.7485923977976123,1.0517177290204613,0.04761904761904767,0.04761904761904767,0.0
-0.052026828942361436,-0.4613985826997156,0.4093717537573542,-0.5873015873015873,-0.5873015873015873,0.0
0.11742499166613996,0.618459092572574,-0.5010341009064341,0.5238095238095237,0.5238095238095237,0.0
0.47699794334884615,0.24765966086122637,0.22933828248761978,-0.746031746031746,-0.746031746031746,0.0
0.24249297600106356,0.26846829024169383,-0.025975314240630265,1.0,1.0,0.0
0.09644292118439246,0.3063658596324389,-0.20992293844804644,0.8412698412698412,0.8412698412698412,0.0
0.10657288934174447,0.47322543427115227,-0.3666525449294078,0.6825396825396826,0.6825396825396826,0.0
-0.352889823487298,-0.7954047329013948,0.44251490941409677,-0.5555555555555556,-0.5555555555555556,0.0
-0.8445278977777091,-0.24010490712129773,-0.6044229906564114,0.4285714285714286,0.4285714285714286,0.0
-0.11390869938174775,0.07114938347102162,-0.18505808285276937,0.8412698412698412,0.8412698412698412,0.0
-0.5137475889248475,-0.29077833006481313,-0.22296925886003438,0.8095238095238095,0.8095238095238095,0.0
-0.16464844129565492,0.6200619719169357,-0.7847104132125906,0.23809523809523814,0.23809523809523814,0.0
0.6361255318826989,-0.03136948454287092,0.6674950164255699,-0.33333333333333337,-0.33333333333333337,0.0
-0.47890892544238667,0.48352966102688255,-0.9624385864692693,0.04761904761904767,0.04761904761904767,0.0
-0.7950550649596811,0.6336279303861042,-1.4286829953457854,-0.39682539682539686,-0.39682539682539686,0.0
-0.3935089943604062,0.008624669226296566,-0.40213366358670277,0.6190476190476191,0.6190476190476191,0.0
-0.3715312360199695,0.7371940389684298,-1.1087252749883993,-0.07936507936507942,-0.07936507936507942,0.0
0.29144972650841117,0.15682309296656516,0.134626633541846,-0.8412698412698413,-0.8412698412698413,0.0
0.10265787421430106,0.6304937379006991,-0.527835863686398,0.5238095238095237,0.5238095238095237,0.0
0.5110167763915444,-0.28693656793525635,0.7979533443268008,-0.17460317460317465,-0.17460317460317465,0.0
0.29576437258929766,-0.0021294746433265788,0.29789384723262424,-0.6825396825396826,-0.6825396825396826,0.0
-0.1685036494078731,0.05653987380823988,-0.22504352321611298,0.8095238095238095,0.8095238095238095,0.0
0.5652366923988624,-0.7110365113870729,1.2762732037859355,0.26984126984126977,0.26984126984126977,0.0
-0.5994487441661329,-0.18260548793722686,-0.41684325622890606,0.6190476190476191,0.6190476190476191,0.0
-0.8591182683590511,0.751207810593017,-1.6103260789520681,-0.5873015873015873,-0.5873015873015873,0.0
-0.7379138506038448,0.23549803265653624,-0.9734118832603811,0.04761904761904767,0.04761904761904767,0.0
0.4002468310736106,-0.5804881516134586,0.9807349826870692,-0.015873015873015928,-0.015873015873015928,0.0
-0.06862098554750273,-0.2900598559027111,0.22143887035520837,-0.7777777777777778,-0.7777777777777778,0.0
-0.6097107977395169,-0.5551145826071403,-0.05459621513237656,0.9682539682539681,0.9682539682539681,0.0
0.0018805951860543235,-0.8553183627625695,0.8571989579486238,-0.1428571428571429,-0.1428571428571429,0.0
-0.6258382151162969,0.769428825307248,-1.395267040423545,-0.3650793650793651,-0.3650793650793651,0.0
0.3533766751399249,-0.09322680913763137,0.44660348427755625,-0.5555555555555556,-0.5555555555555556,0.0
-0.09691870396674473,-0.3464368696425849,0.24951816567584018,-0.7777777777777778,-0.7777777777777778,0.0
-0.21416179302633154,0.1772589448039258,-0.3914207378302573,0.6507936507936507,0.6507936507936507,0.0
-0.3572782395338222,-0.8868339786725719,0.5295557391387496,-0.4920634920634921,-0.4920634920634921,0.0
0.23450866761399924,-0.3995602081185351,0.6340688757325343,-0.3650793650793651,-0.3650793650793651,0.0
-0.24873730100389724,0.36546023825800666,-0.6141975392619039,0.4285714285714286,0.4285714285714286,0.0
-0.7422301452310183,0.24078559152467338,-0.9830157367556916,0.04761904761904767,0.04761904761904767,0.0
-0.6875893761830725,0.8672507055765638,-1.5548400817596364,-0.5238095238095238,-0.5238095238095238,0.0
0.8314157961891261,0.21664387738447932,0.6147719188046468,-0.3650793650793651,-0.3650793650793651,0.0
0.7354452432736928,-0.040489427470080996,0.7759346707437738,-0.2063492063492064,-0.2063492063492064,0.0
0.35947284085934916,0.4705786137312137,-0.11110577287186452,0.9365079365079365,0.9365079365079365,0.0
-0.42143406937286476,0.7259901695352956,-1.1474242389081604,-0.11111111111111116,-0.11111111111111116,0.0
0.844517479225903,0.3972527040930328,0.4472647751328702,-0.5555555555555556,-0.5555555555555556,0.0
0.5017516271384302,0.8337802023888833,-0.33202857525045304,0.6825396825396826,0.6825396825396826,0.0
0.39040234048619216,0.507609307328719,-0.11720696684252685,0.9365079365079365,0.9365079365079365,0.0
-0.09114929614118039,0.6602425888714677,-0.7513918850126481,0.3015873015873016,0.3015873015873016,0.0
-0.4099651886787138,-0.6946126718694531,0.2846474831907393,-0.7142857142857143,-0.7142857142857143,0.0
-0.7264962681237013,0.41834430538881795,-1.144840573512519,-0.11111111111111116,-0.11111111111111116,0.0
0.7246843137789151,-0.10784034085073646,0.8325246546296515,-0.17460317460317465,-0.17460317460317465,0.0
-0.07960267829950007,0.09558684434029541,-0.17518952263979548,0.8412698412698412,0.8412698412698412,0.0
-0.5357459433685854,0.27738433706824217,-0.8131302804368276,0.23809523809523814,0.23809523809523814,0.0
-0.3492780765288255,0.845667210070025,-1.1949452865988506,-0.17460317460317465,-0.17460317460317465,0.0
0.1425952240954128,0.8722405465769244,-0.7296453224815116,0.3015873015873016,0.3015873015873016,0.0
-0.5818089907093829,-0.38118915812177057,-0.2006198325876123,0.8412698412698412,0.8412698412698412,0.0
0.6419057113662759,0.4207562953882492,0.22114941597802673,-0.7777777777777778,-0.7777777777777778,0.0
0.4653351537033782,0.4499703682834836,0.015364785419894611,-1.0,-1.0,0.0
0.3950333207116862,-0.27631284963651215,0.6713461703481983,-0.33333333333333337,-0.33333333333333337,0.0
-0.12223252840481336,-0.6770344052444022,0.5548018768395888,-0.4285714285714286,-0.4285714285714286,0.0
0.22915591326439777,-0.8262954714857045,1.0554513847501021,0.0793650793650793,0.0793650793650793,0.0
0.151376344042924,0.49921762955252136,-0.34784128550959736,0.6825396825396826,0.6825396825396826,0.0
0.269723882798676,-0.018540464729569384,0.28826434752824537,-0.7142857142857143,-0.7142857142857143,0.0
-0.7480002219481996,0.8739723050908671,-1.6219725270390666,-0.5873015873015873,-0.5873015873015873,0.0
-0.15154667609290262,-0.06304777885142454,-0.08849889724147808,0.9365079365079365,0.9365079365079365,0.0
-0.8250944870485936,0.8602505623329125,-1.685345049381506,-0.6507936507936508,-0.6507936507936508,0.0
-0.01081652535986588,-0.15916319605069218,0.1483466706908263,-0.8412698412698413,-0.8412698412698413,0.0
-0.3062498178009865,0.5286278710079507,-0.8348776888089372,0.20634920634920628,0.20634920634920628,0.0
-0.6398564600411156,-0.7473253098387023,0.10746884979758664,-0.9047619047619048,-0.9047619047619048,0.0
-0.7138746580994071,0.09983107824797499,-0.8137057363473821,0.20634920634920628,0.20634920634920628,0.0
0.1577602299198816,0.5437076165743037,-0.3859473866544221,0.6190476190476191,0.6190476190476191,0.0
-0.5929326566336051,0.7644630009957997,-1.3573956576294046,-0.33333333333333337,-0.33333333333333337,0.0
0.7652162130782351,0.5806495631113769,0.18456664996685812,-0.8095238095238095,-0.8095238095238095,0.0
0.1459100514607109,-0.8334526910378864,0.9793627424985973,-0.015873015873015928,-0.015873015873015928,0.0
-0.27563435183729323,-0.2291357856478785,-0.046498566189414725,1.0,1.0,0.0
0.16364788466655023,-0.8123427498350677,0.9759906345016179,-0.015873015873015928,-0.015873015873015928,0.0
-0.8589530321465445,-0.7032918759937956,-0.1556611561527489,0.873015873015873,0.873015873015873,0.0
0.8254065838346015,0.3155501316014714,0.5098564522331301,-0.46031746031746035,-0.46031746031746035,0.0
-0.031853813502779604,0.38386475336105674,-0.41571856686383635,0.5873015873015872,0.5873015873015872,0.0
0.5089234090505151,0.49269722895292734,0.016226180097587806,-0.9682539682539683,-0.9682539682539683,0.0
-0.7510860001396106,0.6578217865001931,-1.4089077866398036,-0.3650793650793651,-0.3650793650793651,0.0
-0.02401500449131133,0.4309766432577177,-0.454991647749029,0.5873015873015872,0.5873015873015872,0.0
-0.0167274101618623,0.5415688657919376,-0.5582962759537999,0.46031746031746024,0.46031746031746024,0.0
0.7880876189549691,-0.8118653223180974,1.5999529412730666,0.5873015873015872,0.5873015873015872,0.0
0.12911049427693577,-0.47783672920566256,0.6069472234825983,-0.3650793650793651,-0.3650793650793651,0.0
-0.0477190780974831,0.2194159920754425,-0.2671350701729256,0.7777777777777777,0.7777777777777777,0.0
-0.41944380643459156,0.6446255483246818,-1.0640693547592734,-0.04761904761904767,-0.04761904761904767,0.0
-0.3031758047834061,-0.8918997751086136,0.5887239703252075,-0.39682539682539686,-0.39682539682539686,0.0
0.03721032444876804,0.0263328158094297,0.01087750863933834,-0.9682539682539683,-0.9682539682539683,0.0
-0.10995937145091594,0.319117318855915,-0.42907669030683093,0.5873015873015872,0.5873015873015872,0.0
-0.8610982562154053,-0.8467068795684962,-0.014391376646909038,1.0,1.0,0.0
0.587325463549844,-0.17755999640390174,0.7648854599537458,-0.23809523809523814,-0.23809523809523814,0.0
0.7130893893115801,0.7121427864906543,0.0009466028209257349,-1.0,-1.0,0.0
-0.6475516398025006,0.3089030559405458,-0.9564546957430464,0.0793650793650793,0.0793650793650793,0.0
0.09726505837028887,-0.47221494595092484,0.5694800043212137,-0.4285714285714286,-0.4285714285714286,0.0
-0.7045636659562016,0.6350060333374429,-1.3395696992936443,-0.33333333333333337,-0.33333333333333337,0.0
0.31003216747166096,-0.2735434378628743,0.5835756053345352,-0.4285714285714286,-0.4285714285714286,0.0
-0.39377918908978504,0.6360204080593069,-1.029799597149092,-0.015873015873015928,-0.015873015873015928,0.0
0.28696074244542313,-0.36190142798597,0.6488621704313932,-0.33333333333333337,-0.33333333333333337,0.0
0.40859030571638877,0.16257645158966827,0.2460138541267205,-0.7777777777777778,-0.7777777777777778,0.0
0.4835654854517827,-0.18550787805389868,0.6690733635056814,-0.33333333333333337,-0.33333333333333337,0.0
-0.7060662972793862,-0.4053149086408794,-0.3007513886385068,0.7142857142857142,0.7142857142857142,0.0
0.7488213212476943,0.6958036119093646,0.05301770933832972,-0.9365079365079365,-0.9365079365079365,0.0
-0.48561481638921455,-0.5623313725089156,0.07671655611970107,-0.9365079365079365,-0.9365079365079365,0.0
-0.8326573988828764,-0.7473391357756265,-0.08531826310724988,0.9365079365079365,0.9365079365079365,0.0
0.0987344449046701,-0.28453151061781135,0.38326595552248144,-0.6190476190476191,-0.6190476190476191,0.0
-0.23233988904761027,0.39175046575482153,-0.6240903548024318,0.39682539682539675,0.39682539682539675,0.0
0.5936215376383437,0.553376890757307,0.04024464688103668,-0.9682539682539683,-0.9682539682539683,0.0
0.5548526497157432,0.8977380661201767,-0.3428854164044335,0.6825396825396826,0.6825396825396826,0.0
-0.3291499929191124,-0.36654829737990313,0.03739830446079073,-0.9682539682539683,-0.9682539682539683,0.0
0.8152189111255409,-0.16570448796369208,0.980923399089233,-0.015873015873015928,-0.015873015873015928,0.0
-0.37634789134778646,-0.6537216995466727,0.27737380819888624,-0.7142857142857143,-0.7142857142857143,0.0
0.027102832617086126,0.1347694733214605,-0.10766664070437437,0.9047619047619047,0.9047619047619047,0.0
-0.4392628369783151,0.895644067073251,-1.334906904051566,-0.3015873015873016,-0.3015873015873016,0.0
0.784878426088134,0.3615858182171853,0.4232926078709487,-0.5873015873015873,-0.5873015873015873,0.0
-0.6037059283523674,0.17138311274406914,-0.7750890410964365,0.23809523809523814,0.23809523809523814,0.0
-0.8191608850938078,-0.19373563274077077,-0.625425252353037,0.4285714285714286,0.4285714285714286,0.0
-0.11682529199453173,0.7475377685139987,-0.8643630605085304,0.17460317460317465,0.17460317460317465,0.0
0.8862760153005066,-0.0055501269653710494,0.8918261422658776,-0.11111111111111116,-0.11111111111111116,0.0
0.7050190792588452,-0.6581395560364893,1.3631586352953344,0.3650793650793651,0.3650793650793651,0.0
0.44749443502250863,-0.2423187662415598,0.6898132012640684,-0.3015873015873016,-0.3015873015873016,0.0
0.7034264835813447,-0.7790999960740196,1.4825264796553643,0.4920634920634921,0.4920634920634921,0.0
0.7082039514561537,-0.5364377321601932,1.2446416836163468,0.23809523809523814,0.23809523809523814,0.0
0.033945048695608326,-0.868196194200158,0.9021412428957664,-0.07936507936507942,-0.07936507936507942,0.0
-0.33132770670457257,-0.08409615029970585,-0.24723155640486671,0.7777777777777777,0.7777777777777777,0.0
0.48962237779977846,0.24217247691323485,0.24744990088654362,-0.746031746031746,-0.746031746031746,0.0
0.29099027370196995,-0.282073567717966,0.5730638414199359,-0.4285714285714286,-0.4285714285714286,0.0
-0.22741608802732183,-0.14331281129050122,-0.08410327673682061,0.9365079365079365,0.9365079365079365,0.0
-0.7299599974892725,0.8265766911202367,-1.5565366886095093,-0.5238095238095238,-0.5238095238095238,0.0
0.4442213004282468,0.4535336188348479,-0.009312318406601072,1.0,1.0,0.0
-0.4275710713388436,0.07354194650091217,-0.5011130178397558,0.5238095238095237,0.5238095238095237,0.0
0.7862636709608025,-0.38782642479871454,1.174090095759517,0.17460317460317465,0.17460317460317465,0.0
-0.4662529649897675,0.7145942377913913,-1.1808472027811587,-0.1428571428571429,-0.1428571428571429,0.0
-0.6790357216593251,-0.47682518961481296,-0.20221053204451217,0.8412698412698412,0.8412698412698412,0.0
0.596002809824831,-0.31438308506998125,0.9103858948948123,-0.11111111111111116,-0.11111111111111116,0.0
-0.6240882300759107,0.7363166659613073,-1.3604048960372181,-0.33333333333333337,-0.33333333333333337,0.0
-0.5773170453160696,0.05317569951313028,-0.6304927448291999,0.39682539682539675,0.39682539682539675,0.0
0.17888902473751822,0.43617230895235803,-0.2572832842148398,0.7777777777777777,0.7777777777777777,0.0
0.674211673507436,0.16334062949477912,0.5108710440126569,-0.4920634920634921,-0.4920634920634921,0.0
-0.5464176017137682,0.2761905762170912,-0.8226081779308594,0.20634920634920628,0.20634920634920628,0.0
-0.3414173887798294,-0.36111007527331396,0.019692686493484546,-0.9682539682539683,-0.9682539682539683,0.0
0.4993287088341197,-0.4655302890720068,0.9648589979061265,-0.04761904761904767,-0.04761904761904767,0.0
0.8492875669097412,-0.31951377509640255,1.1688013420061436,0.17460317460317465,0.17460317460317465,0.0
0.0013341351642162103,-0.6202051846498395,0.6215393198140557,-0.3650793650793651,-0.3650793650793651,0.0
-0.6409844954077486,0.6737658575234534,-1.3147503529312021,-0.3015873015873016,-0.3015873015873016,0.0
-0.8749146821252373,-0.3901555201497947,-0.48475916197544255,0.5555555555555556,0.5555555555555556,0.0
-0.4866191460020605,0.11068090994589241,-0.5973000559479529,0.4285714285714286,0.4285714285714286,0.0
-0.6627200079842621,0.5255539652544733,-1.1882739732387355,-0.1428571428571429,-0.1428571428571429,0.0
0.3197856125031434,0.5108833968762844,-0.19109778437314096,0.8412698412698412,0.8412698412698412,0.0
-0.680701491668644,-0.11090473454845284,-0.5697967571201912,0.46031746031746024,0.46031746031746024,0.0
0.011393876917139445,-0.042736844543893815,0.05413072146103326,-0.9365079365079365,-0.9365079365079365,0.0
0.3496723841571957,0.8904631480830446,-0.5407907639258489,0.4920634920634921,0.4920634920634921,0.0
0.1460098965976243,0.31427545856224326,-0.16826556196461895,0.873015873015873,0.873015873015873,0.0
-0.5404038270118963,0.5663491976121889,-1.1067530246240853,-0.07936507936507942,-0.07936507936507942,0.0
0.5474241471280729,0.7245971445946174,-0.17717299746654458,0.873015873015873,0.873015873015873,0.0
0.387732833308443,0.5176617052128106,-0.12992887190436764,0.9047619047619047,0.9047619047619047,0.0
0.4301712070479752,-0.5666771790835783,0.9968483861315535,-0.015873015873015928,-0.015873015873015928,0.0
-0.6640960471968361,0.11190732072762988,-0.776003367924466,0.26984126984126977,0.26984126984126977,0.0
-0.6772431534293797,-0.7165905168338192,0.03934736340443956,-0.9682539682539683,-0.9682539682539683,0.0
0.7696125918117137,0.2752598278151971,0.4943527639965166,-0.4920634920634921,-0.4920634920634921,0.0
-0.18435925111510687,0.8196289707380598,-1.0039882218531666,0.04761904761904767,0.04761904761904767,0.0
-0.35829235479430843,0.022917715740200406,-0.38121007053450884,0.6507936507936507,0.6507936507936507,0.0
-0.020548718367240038,-0.12064951283801906,0.10010079447077902,-0.9047619047619048,-0.9047619047619048,0.0
0.29315558297444844,-0.8354830474473063,1.1286386304217548,0.1428571428571428,0.1428571428571428,0.0
0.8201218626845458,0.8275941401925967,-0.007472277508050906,1.0,1.0,0.0
-0.384396791612301,-0.7145951685657141,0.33019837695341314,-0.6825396825396826,-0.6825396825396826,0.0
0.7646551727616487,-0.8260576320512756,1.5907128048129242,0.6190476190476191,0.6190476190476191,0.0
-0.8552529155047387,-0.45708009929111076,-0.39817281621362793,0.6507936507936507,0.6507936507936507,0.0
0.09935647618828447,-0.7820452189469117,0.8814016951351962,-0.11111111111111116,-0.11111111111111116,0.0
0.24115520102595311,-0.08078788365882783,0.32194308468478094,-0.6825396825396826,-0.6825396825396826,0.0
-0.7093846732486441,0.028958042262802297,-0.7383427155114464,0.3015873015873016,0.3015873015873016,0.0
-0.6473887252849573,-0.33737409174854893,-0.31001463353640835,0.7142857142857142,0.7142857142857142,0.0
-0.14559422523065313,-0.8082711313652051,0.662676906134552,-0.33333333333333337,-0.33333333333333337,0.0
0.8392174418577271,-0.699119337151392,1.5383367790091191,0.5555555555555556,0.5555555555555556,0.0
0.1728765958218711,-0.20789211961812948,0.38076871544000057,-0.6190476190476191,-0.6190476190476191,0.0
0.7794417988803802,-0.791048788512235,1.5704905873926154,0.5555555555555556,0.5555555555555556,0.0
0.5478496481033474,0.35674150609784416,0.1911081420055032,-0.8095238095238095,-0.8095238095238095,0.0
-0.05871311720047523,-0.5273630252553385,0.4686499080548633,-0.5238095238095238,-0.5238095238095238,0.0
0.5125742086539374,-0.3562711761894507,0.8688453848433881,-0.11111111111111116,-0.11111111111111116,0.0
-0.8678937888414221,-0.19057360107942456,-0.6773201877619975,0.3650793650793651,0.3650793650793651,0.0
-0.7035408058216771,-0.15010266047553378,-0.5534381453461433,0.46031746031746024,0.46031746031746024,0.0
0.5929715067889255,-0.897010726185359,1.4899822329742847,0.4920634920634921,0.4920634920634921,0.0
0.5342707589852912,-0.6982733322023444,1.2325440911876355,0.20634920634920628,0.20634920634920628,0.0
-0.48124666446041936,0.6529762147335806,-1.1342228791939999,-0.11111111111111116,-0.11111111111111116,0.0
0.055385263078296276,-0.8977804874785654,0.9531657505568617,-0.04761904761904767,-0.04761904761904767,0.0
0.1908284772600196,0.014701240463175114,0.1761272367968445,-0.8095238095238095,-0.8095238095238095,0.0
0.6619301167968202,-0.018896388287025445,0.6808265050838457,-0.33333333333333337,-0.33333333333333337,0.0
0.18559288320970613,-0.3004305101808519,0.486023393390558,-0.5238095238095238,-0.5238095238095238,0.0
-0.15737117530737543,-0.1236113637363907,-0.03375981157098473,1.0,1.0,0.0
-0.22646872186707112,0.5050460475478519,-0.731514769414923,0.3015873015873016,0.3015873015873016,0.0
-0.1334122445276822,0.6141666711869217,-0.7475789157146039,0.26984126984126977,0.26984126984126977,0.0
0.2734758460439536,-0.43137262185254993,0.7048484678965035,-0.3015873015873016,-0.3015873015873016,0.0
0.6614831371541848,-0.31951720625808633,0.9810003434122712,-0.015873015873015928,-0.015873015873015928,0.0
-0.08298561226266044,-0.4635308645490011,0.3805452522863407,-0.6190476190476191,-0.6190476190476191,0.0
-0.4538887866875554,-0.03624587900808274,-0.41764290767947265,0.6190476190476191,0.6190476190476191,0.0
-0.47400774660435396,0.32986504378586334,-0.8038727903902173,0.23809523809523814,0.23809523809523814,0.0
0.44282570443820346,-0.48914482416584304,0.9319705286040465,-0.07936507936507942,-0.07936507936507942,0.0
0.5698237741630386,-0.30467566430124005,0.8744994384642787,-0.1428571428571429,-0.1428571428571429,0.0
-0.710499456262575,0.7746923116604708,-1.485191767923046,-0.46031746031746035,-0.46031746031746035,0.0
-0.7801940574806794,-0.8125752782754755,0.032381220794796106,-0.9682539682539683,-0.9682539682539683,0.0
0.1699805947616132,-0.07061471056878077,0.24059530533039397,-0.746031746031746,-0.746031746031746,0.0
-0.6368881604531431,0.3808044748742,-1.017692635327343,0.015873015873015817,0.015873015873015817,0.0
0.5843955428214144,-0.6291827791965467,1.2135783220179612,0.20634920634920628,0.20634920634920628,0.0
-0.341397586936666,-0.8147267639901327,0.47332917705346667,-0.5238095238095238,-0.5238095238095238,0.0
-0.6410305206519433,-0.6512303310506447,0.010199810398701326,-1.0,-1.0,0.0
0.7577468504774104,0.7538817483552293,0.0038651021221811632,-1.0,-1.0,0.0
-0.6020428990764993,-0.8833323927219778,0.2812894936454785,-0.7142857142857143,-0.7142857142857143,0.0
-0.387503851791716,-0.5610204453395667,0.17351659354785076,-0.8412698412698413,-0.8412698412698413,0.0
-0.6234958886542945,-0.8436896767770399,0.22019378812274537,-0.7777777777777778,-0.7777777777777778,0.0
-0.6921178854023611,-0.7008669583880341,0.008749072985673068,-0.9682539682539683,-0.9682539682539683,0.0
-0.861933570594408,0.21626871593093322,-1.0782022865253413,-0.04761904761904767,-0.04761904761904767,0.0
-0.8002882635043318,-0.4650499642696456,-0.3352382992346862,0.6825396825396826,0.6825396825396826,0.0
-0.5856453523154652,0.1245816907752183,-0.7102270430906835,0.33333333333333326,0.33333333333333326,0.0
-0.8039125212710844,0.1623516889790272,-0.9662642102501116,0.04761904761904767,0.04761904761904767,0.0
0.1640588689997483,0.6289835995616023,-0.464924730561854,0.5873015873015872,0.5873015873015872,0.0
0.3252861482391115,-0.891465492758627,1.2167516409977384,0.23809523809523814,0.23809523809523814,0.0
-0.19146517770234917,0.6360650268162601,-0.8275302045186093,0.17460317460317465,0.17460317460317465,0.0
-0.3276160254863111,0.21441435556855326,-0.5420303810548643,0.4920634920634921,0.4920634920634921,0.0
0.008147226640014216,-0.6070617250110764,0.6152089516510906,-0.3650793650793651,-0.3650793650793651,0.0
0.6750088960222954,0.49128729864351117,0.18372159737878424,-0.8095238095238095,-0.8095238095238095,0.0
0.6320369282799708,0.6398847752230544,-0.007847846943083603,1.0,1.0,0.0
-0.8217448883769746,-0.44232572924251684,-0.37941915913445773,0.6507936507936507,0.6507936507936507,0.0
-0.5733028627262566,0.7538286256248256,-1.3271314883510823,-0.3015873015873016,-0.3015873015873016,0.0
-0.4738592320120872,-0.08197662546241591,-0.3918826065496713,0.6507936507936507,0.6507936507936507,0.0
-0.4511023635020187,0.1861640177999787,-0.6372663813019974,0.39682539682539675,0.39682539682539675,0.0
0.12821877313699093,0.8723691605117586,-0.7441503873747677,0.3015873015873016,0.3015873015873016,0.0
-0.1507276337342539,-0.24923505844944116,0.09850742471518725,-0.9047619047619048,-0.9047619047619048,0.0
-0.8113425841303309,0.5636868224762032,-1.375029406606534,-0.33333333333333337,-0.33333333333333337,0.0
-0.22749455077277114,-0.32688158790877264,0.0993870371360015,-0.9047619047619048,-0.9047619047619048,0.0
0.04275530769174696,0.5385843400346838,-0.49582903234293685,0.5555555555555556,0.5555555555555556,0.0
-0.7169905747733113,0.18132105395275644,-0.8983116287260677,0.1428571428571428,0.1428571428571428,0.0
0.6002253968194075,-0.5105597485942774,1.110785145413685,0.11111111111111116,0.11111111111111116,0.0
-0.8064686403628124,-0.15475303117937456,-0.6517156091834378,0.3650793650793651,0.3650793650793651,0.0
0.7647153642325119,-0.328255858145589,1.0929712223781007,0.11111111111111116,0.11111111111111116,0.0
-0.7215963451562242,-0.759404892455345,0.037808547299120865,-0.9682539682539683,-0.9682539682539683,0.0
0.6184349128759549,-0.8462974138205446,1.4647323266964993,0.46031746031746024,0.46031746031746024,0.0
0.7247756590697109,-0.27633842026707434,1.0011140793367852,-0.015873015873015928,-0.015873015873015928,0.0
0.8632272250558669,-0.8657385339285242,1.728965758984391,0.746031746031746,0.746031746031746,0.0
0.5436465844924684,-0.602122036352805,1.1457686208452733,0.1428571428571428,0.1428571428571428,0.0
0.5030595733883921,0.40532997753156386,0.09772959585682828,-0.9047619047619048,-0.9047619047619048,0.0
0.25646989679198573,0.3745642242304582,-0.11809432743847248,0.9365079365079365,0.9365079365079365,0.0
0.5021934382406322,0.4294446956232888,0.07274874261734343,-0.9365079365079365,-0.9365079365079365,0.0
-0.6578060248563353,-0.3291242919660382,-0.3286817328902971,0.7142857142857142,0.7142857142857142,0.0
0.06492246470574714,0.7020350228118518,-0.6371125581061047,0.39682539682539675,0.39682539682539675,0.0
0.025601166342746007,0.1688949864512056,-0.1432938201084596,0.873015873015873,0.873015873015873,0.0
0.6436298594206037,-0.6731525848560722,1.3167824442766758,0.33333333333333326,0.33333333333333326,0.0
-0.06696114193167146,-0.6413064093800386,0.5743452674483671,-0.4285714285714286,-0.4285714285714286,0.0
-0.2068389070193637,0.3475717684734626,-0.5544106754928263,0.4920634920634921,0.4920634920634921,0.0
0.25121388822679813,-0.5887009144042594,0.8399148026310576,-0.17460317460317465,-0.17460317460317465,0.0
-0.4203660284984771,0.013126862847677945,-0.43349289134615504,0.5873015873015872,0.5873015873015872,0.0
-0.6484168602828777,0.8851940566716793,-1.533610916954557,-0.4920634920634921,-0.4920634920634921,0.0
-0.03982090675725758,-0.8927863114799889,0.8529654047227313,-0.1428571428571429,-0.1428571428571429,0.0
-0.14959913652920698,-0.8701563565843976,0.7205572200551906,-0.2698412698412699,-0.2698412698412699,0.0
-0.48137410704802736,0.8875522474749117,-1.368926354522939,-0.33333333333333337,-0.33333333333333337,0.0
-0.23847874179276962,0.15234990144149785,-0.39082864323426747,0.6507936507936507,0.6507936507936507,0.0
-0.24049359031275463,-0.6715620440666764,0.4310684537539218,-0.5555555555555556,-0.5555555555555556,0.0
-0.3105079840574182,0.7151439595573686,-1.0256519436147868,0.015873015873015817,0.015873015873015817,0.0
-0.21696465649152785,0.6846845402298459,-0.9016491967213738,0.1428571428571428,0.1428571428571428,0.0
0.3343380218207018,0.06516074360047541,0.2691772782202264,-0.746031746031746,-0.746031746031746,0.0
-0.3656223457716865,0.21922565374936187,-0.5848479995210484,0.46031746031746024,0.46031746031746024,0.0
0.8079442680876127,-0.4082630552984226,1.2162073233860353,0.20634920634920628,0.20634920634920628,0.0
0.7494264351687202,-0.8090645465303907,1.5584909816991108,0.5555555555555556,0.5555555555555556,0.0
-0.03436122905985861,0.17022169600355574,-0.20458292506341436,0.8095238095238095,0.8095238095238095,0.0
-0.30894983099156015,-0.36944065223502665,0.0604908212434665,-0.9365079365079365,-0.9365079365079365,0.0
0.06378262169400561,0.29451788398863343,-0.23073526229462782,0.8095238095238095,0.8095238095238095,0.0
0.6274088797925242,0.6052413183166822,0.02216756147584209,-1.0,-1.0,0.0
0.2746572130081836,-0.8673110209541447,1.1419682339623283,0.1428571428571428,0.1428571428571428,0.0
0.5479052903047393,0.17228479443430922,0.3756204958704301,-0.6190476190476191,-0.6190476190476191,0.0
0.05890009691833231,-0.483695028563666,0.5425951254819983,-0.46031746031746035,-0.46031746031746035,0.0
0.2392517326817173,0.6729992962268426,-0.43374756354512534,0.5873015873015872,0.5873015873015872,0.0
-0.3813198944715689,-0.44340388818870874,0.06208399371713985,-0.9682539682539683,-0.9682539682539683,0.0
0.42280769215852343,0.19938623982375303,0.2234214523347704,-0.7777777777777778,-0.7777777777777778,0.0
-0.535671732373707,0.09637351216130063,-0.6320452445350077,0.39682539682539675,0.39682539682539675,0.0
0.35063663187329686,-0.186900299893352,0.5375369317666489,-0.46031746031746035,-0.46031746031746035,0.0
0.6492943229866094,0.3197173744796292,0.32957694850698016,-0.6825396825396826,-0.6825396825396826,0.0
-0.6622148928572209,0.4063853424877809,-1.0686002353450017,-0.015873015873015928,-0.015873015873015928,0.0
0.2058835329754557,0.12048803157489629,0.0853955014005594,-0.9047619047619048,-0.9047619047619048,0.0
-0.7288276531861178,0.4651600269325574,-1.193987680118675,-0.1428571428571429,-0.1428571428571429,0.0
0.4062881308885683,0.8701507367872877,-0.4638626058987194,0.5555555555555556,0.5555555555555556,0.0
-0.7479122061176636,-0.14530970177855074,-0.6026025043391129,0.4285714285714286,0.4285714285714286,0.0
0.784691680861127,0.026249493393955547,0.7584421874671714,-0.23809523809523814,-0.23809523809523814,0.0
-0.6526657259319562,-0.8775542197058162,0.22488849377386,-0.7777777777777778,-0.7777777777777778,0.0
0.8259844426363446,0.532851401358681,0.2931330412776636,-0.6825396825396826,-0.6825396825396826,0.0
0.5415915169531741,0.03641412068278893,0.5051773962703852,-0.4920634920634921,-0.4920634920634921,0.0
0.16862760803943744,-0.1656694253509826,0.33429703339042005,-0.6507936507936508,-0.6507936507936508,0.0
0.5087233883331844,-0.7306704664390875,1.2393938547722718,0.26984126984126977,0.26984126984126977,0.0
0.5312067101695547,0.7013815590157152,-0.17017484884616052,0.8412698412698412,0.8412698412698412,0.0
0.8028487130711944,-0.18898696792699843,0.9918356809981929,-0.015873015873015928,-0.015873015873015928,0.0
-0.44390996308946307,0.32864687677659676,-0.7725568398660598,0.26984126984126977,0.26984126984126977,0.0
0.16213661164495663,-0.6311265185373287,0.7932631301822853,-0.2063492063492064,-0.2063492063492064,0.0
-0.7289114443840778,0.8307893331738586,-1.5597007775579366,-0.5238095238095238,-0.5238095238095238,0.0
0.20909826004341825,-0.5788048287207044,0.7879030887641226,-0.2063492063492064,-0.2063492063492064,0.0
-0.5916756526329802,-0.5408244127809174,-0.050851239852062746,1.0,1.0,0.0
0.11691110065039545,0.6461691490038849,-0.5292580483534894,0.4920634920634921,0.4920634920634921,0.0
0.13037492526092953,0.7426489394554762,-0.6122740141945466,0.4285714285714286,0.4285714285714286,0.0
-0.06122672463379075,-0.5181346664580575,0.45690794182426675,-0.5238095238095238,-0.5238095238095238,0.0
0.04073719592362102,-0.054358401285309776,0.0950955972089308,-0.9047619047619048,-0.9047619047619048,0.0
0.4750621020118583,0.4202908282130938,0.05477127379876445,-0.9682539682539683,-0.9682539682539683,0.0
0.53864048972172,0.6810583208594428,-0.14241783113772288,0.873015873015873,0.873015873015873,0.0
-0.014124211964227529,-0.21770514893285065,0.20358093696862312,-0.8095238095238095,-0.8095238095238095,0.0
0.1792681947407021,0.030635076328972555,0.14863311841172955,-0.8412698412698413,-0.8412698412698413,0.0
0.7762252242421833,0.4350895389355228,0.3411356853066605,-0.6507936507936508,-0.6507936507936508,0.0
-0.6844795406979789,0.4160447579750318,-1.1005242986730108,-0.07936507936507942,-0.07936507936507942,0.0
-0.689213581379801,0.5093282340469528,-1.1985418154267538,-0.17460317460317465,-0.17460317460317465,0.0
-0.7421237785606168,0.12588087355474753,-0.8680046521153644,0.17460317460317465,0.17460317460317465,0.0
0.2841539130729501,-0.7116928257514046,0.9958467388243547,-0.015873015873015928,-0.015873015873015928,0.0
-0.146505058577317,0.7271519235804721,-0.8736569821577891,0.17460317460317465,0.17460317460317465,0.0
0.4937785490553178,0.6580305707778508,-0.16425202172253295,0.873015873015873,0.873015873015873,0.0
0.3082165439554666,0.5365753844729996,-0.22835884051753297,0.8095238095238095,0.8095238095238095,0.0
-0.2994520350091713,-0.7202475411106869,0.4207955061015156,-0.5873015873015873,-0.5873015873015873,0.0
0.7170597852507644,-0.5320847392534275,1.2491445245041919,0.23809523809523814,0.23809523809523814,0.0
0.4725578647271741,0.4384806571937735,0.0340772075334006,-0.9682539682539683,-0.9682539682539683,0.0
-0.4130371063616837,-0.8583478297524965,0.44531072339081273,-0.5555555555555556,-0.5555555555555556,0.0
-0.24445436801030274,0.8626043406731033,-1.107058708683406,-0.07936507936507942,-0.07936507936507942,0.0
-0.33400803563232684,-0.2211395753597747,-0.11286846027255215,0.9047619047619047,0.9047619047619047,0.0
-0.6162990324750006,0.3947625606434825,-1.011061593118483,0.015873015873015817,0.015873015873015817,0.0
-0.633989929424055,0.6976279592784781,-1.331617888702533,-0.2698412698412699,-0.2698412698412699,0.0
0.7850294340763392,-0.1896662013298519,0.9746956354061911,-0.04761904761904767,-0.04761904761904767,0.0
-0.11177273304224411,-0.32556152052060117,0.21378878747835706,-0.7777777777777778,-0.7777777777777778,0.0
-0.21002431900066232,0.19573403201684403,-0.40575835101750635,0.6190476190476191,0.6190476190476191,0.0
0.41343427561928026,0.1457808727464912,0.26765340287278905,-0.7142857142857143,-0.7142857142857143,0.0
0.0953875174552199,-0.16354804027536518,0.2589355577305851,-0.7142857142857143,-0.7142857142857143,0.0
0.785051976309232,0.18319456056187533,0.6018574157473566,-0.39682539682539686,-0.39682539682539686,0.0
0.5045426890369059,0.7836864652196905,-0.27914377618278463,0.746031746031746,0.746031746031746,0.0
-0.03713478457582742,-0.05824753807212635,0.02111275349629893,-1.0,-1.0,0.0
-0.22255294773451284,-0.5458640746488637,0.3233111269143508,-0.6825396825396826,-0.6825396825396826,0.0
0.8759367808637796,-0.221029230810593,1.0969660116743727,0.0793650793650793,0.0793650793650793,0.0
0.39196842480655836,-0.19060743133238656,0.5825758561389449,-0.39682539682539686,-0.39682539682539686,0.0
0.812150388006914,-0.6640043525528043,1.4761547405597182,0.46031746031746024,0.46031746031746024,0.0
-0.6867385610093255,-0.6068312990018012,-0.0799072620075243,0.9682539682539681,0.9682539682539681,0.0
0.6309606225434087,0.332211732108619,0.2987488904347897,-0.7142857142857143,-0.7142857142857143,0.0
0.2467329911841737,-0.2889400424239752,0.5356730336081489,-0.46031746031746035,-0.46031746031746035,0.0
-0.6805409789967973,0.8188171053404537,-1.499358084337251,-0.46031746031746035,-0.46031746031746035,0.0
0.15886439994459722,-0.46152585835450666,0.6203902582991039,-0.3650793650793651,-0.3650793650793651,0.0
0.33497345718980787,-0.7219358908113198,1.0569093480011276,0.04761904761904767,0.04761904761904767,0.0
-0.8778551654005149,0.45630821340046424,-1.3341633788009792,-0.3015873015873016,-0.3015873015873016,0.0
-0.0822276686848562,0.6858648934521662,-0.7680925621370224,0.26984126984126977,0.26984126984126977,0.0
0.5857191201533781,-0.39939595763132185,0.9851150777847,-0.015873015873015928,-0.015873015873015928,0.0
-0.3683537543806382,-0.5362414170381397,0.16788766265750144,-0.8412698412698413,-0.8412698412698413,0.0
-0.074613452762608,-0.5656209572320431,0.4910075044694351,-0.5238095238095238,-0.5238095238095238,0.0
-0.10383457127779228,0.039622142459722176,-0.14345671373751445,0.873015873015873,0.873015873015873,0.0
-0.3565306954035151,-0.05685004575581232,-0.2996806496477028,0.7142857142857142,0.7142857142857142,0.0
0.7531954119279977,-0.4330082882618384,1.186203700189836,0.17460317460317465,0.17460317460317465,0.0
0.5063292637767286,-0.8186883894190325,1.3250176531957611,0.3015873015873016,0.3015873015873016,0.0
-0.7009408602070011,-0.03331558741269469,-0.6676252727943064,0.3650793650793651,0.3650793650793651,0.0
0.8946623841076314,0.826798225744095,0.06786415836353643,-0.9365079365079365,-0.9365079365079365,0.0
0.6825600437539415,0.2745345613547939,0.4080254823991476,-0.5873015873015873,-0.5873015873015873,0.0
-0.38896481184472986,-0.008088198068486818,-0.38087661377624304,0.6507936507936507,0.6507936507936507,0.0
0.6064138433896887,-0.7007542667466911,1.30716811013638,0.33333333333333326,0.33333333333333326,0.0
-0.7084448426315109,-0.4456146770107429,-0.26283016562076794,0.7777777777777777,0.7777777777777777,0.0
0.8983885148536296,-0.3694068907658231,1.2677954056194527,0.26984126984126977,0.26984126984126977,0.0
0.29823252499176645,0.47664639469302184,-0.1784138697012554,0.8412698412698412,0.8412698412698412,0.0
0.2702250280058346,0.6780794350763147,-0.40785440707048015,0.6190476190476191,0.6190476190476191,0.0
-0.7372066914285611,0.7229553364195892,-1.4601620278481504,-0.4285714285714286,-0.4285714285714286,0.0
0.7146601180139255,0.8722234948513573,-0.15756337683743182,0.873015873015873,0.873015873015873,0.0
-0.847800894231955,0.8682600295881585,-1.7160609238201134,-0.6825396825396826,-0.6825396825396826,0.0
-0.46650949552593535,0.8153984389823666,-1.281907934508302,-0.23809523809523814,-0.23809523809523814,0.0
-0.642560624700057,-0.7707201470948082,0.12815952239475115,-0.873015873015873,-0.873015873015873,0.0
0.4981822932459935,-0.6519716353299507,1.1501539285759441,0.1428571428571428,0.1428571428571428,0.0
-0.5432323910167838,-0.35196025234314077,-0.191272138673643,0.8412698412698412,0.8412698412698412,0.0
0.7391488088355934,0.09521685731603069,0.6439319515195627,-0.33333333333333337,-0.33333333333333337,0.0
0.28128427078948237,-0.7254398003301372,1.0067240711196197,-0.015873015873015928,-0.015873015873015928,0.0
-0.8349071211095468,0.6224345240438566,-1.4573416451534034,-0.4285714285714286,-0.4285714285714286,0.0
-0.8902262985683392,0.2101611223391563,-1.1003874209074955,-0.07936507936507942,-0.07936507936507942,0.0
-0.8070157493740819,0.07625592414396887,-0.8832716735180508,0.1428571428571428,0.1428571428571428,0.0
0.19066531976590995,-0.602439617938876,0.793104937704786,-0.2063492063492064,-0.2063492063492064,0.0
0.5426672595469476,-0.44414014607964475,0.9868074056265923,-0.015873015873015928,-0.015873015873015928,0.0
-0.47060492287070077,-0.6114383550319356,0.14083343216123478,-0.8412698412698413,-0.8412698412698413,0.0
0.6289359172615313,0.6334796840306375,-0.004543766769106172,-1.0,-1.0,0.0
-0.7969825077241314,0.1516101481101927,-0.9485926558343241,0.0793650793650793,0.0793650793650793,0.0
0.5417349365550171,0.4232329695353402,0.11850196701967697,-0.873015873015873,-0.873015873015873,0.0
0.7700317743101047,-0.3671408467619537,1.1371726210720583,0.1428571428571428,0.1428571428571428,0.0
0.4897951183878849,-0.23174525324110107,0.721540371628986,-0.2698412698412699,-0.2698412698412699,0.0
0.3566174111615469,-0.17126106403223917,0.5278784751937861,-0.46031746031746035,-0.46031746031746035,0.0
0.6083643935796895,0.4680269491392627,0.14033744444042684,-0.8412698412698413,-0.8412698412698413,0.0
-0.8277276608152805,0.49023537781422244,-1.317963038629503,-0.3015873015873016,-0.3015873015873016,0.0
-0.5367922007057003,-0.527735650474743,-0.009056550230957305,-1.0,-1.0,0.0
-0.6751373772498425,0.7947699421285782,-1.4699073193784207,-0.46031746031746035,-0.46031746031746035,0.0
0.008155782347375795,-0.6828203926013645,0.6909761749487403,-0.3015873015873016,-0.3015873015873016,0.0
0.44133863099192017,0.7130197483625346,-0.2716811173706144,0.746031746031746,0.746031746031746,0.0
0.23402132023751776,-0.7192878378303433,0.9533091580678611,-0.04761904761904767,-0.04761904761904767,0.0
0.632035979571483,-0.4238283399276401,1.055864319499123,0.04761904761904767,0.04761904761904767,0.0
-0.6206166136060365,0.6236613649223225,-1.244277978528359,-0.2063492063492064,-0.2063492063492064,0.0
0.4223179654832908,-0.5769142697770426,0.9992322352603334,0.015873015873015817,0.015873015873015817,0.0
-0.5525253164359727,-0.15557772364205436,-0.39694759279391834,0.6190476190476191,0.6190476190476191,0.0
-0.4126342476279596,-0.09025326010057277,-0.3223809875273868,0.7142857142857142,0.7142857142857142,0.0
0.377828455106347,-0.45853384855822266,0.8363623036645697,-0.17460317460317465,-0.17460317460317465,0.0
0.8643686128176272,0.3784413624047759,0.48592725041285134,-0.4920634920634921,-0.4920634920634921,0.0
0.20077849075872523,0.632402368923967,-0.4316238781652417,0.6190476190476191,0.6190476190476191,0.0
-0.8018994330156679,0.6742352517400293,-1.476134684755697,-0.46031746031746035,-0.46031746031746035,0.0
0.20935614586955908,-0.2892201376741903,0.4985762835437494,-0.4920634920634921,-0.4920634920634921,0.0
-0.8237690071556992,0.05553070971806595,-0.8792997168737652,0.17460317460317465,0.17460317460317465,0.0
0.6914622804602709,-0.4528684730418273,1.1443307535020981,0.1428571428571428,0.1428571428571428,0.0
0.3772409131811173,-0.45936629720973826,0.8366072103908555,-0.17460317460317465,-0.17460317460317465,0.0
-0.5883698764394942,-0.6097426868665365,0.02137281042704231,-0.9682539682539683,-0.9682539682539683,0.0
-0.7349021895164435,0.7920342194535265,-1.52693640896997,-0.4920634920634921,-0.4920634920634921,0.0
-0.5696401880154258,0.698379891490044,-1.2680200795054697,-0.2063492063492064,-0.2063492063492064,0.0
0.8640489231975464,0.49924568398984615,0.3648032392077003,-0.6190476190476191,-0.6190476190476191,0.0
-0.07459084357471835,0.03179073831791224,-0.10638158189263058,0.9047619047619047,0.9047619047619047,0.0
0.5113457070145343,-0.016905752078630654,0.528251459093165,-0.46031746031746035,-0.46031746031746035,0.0
0.24553501579399828,0.05354219912849634,0.19199281666550194,-0.8095238095238095,-0.8095238095238095,0.0
0.13034366992554725,0.06582242443876074,0.0645212454867865,-0.9365079365079365,-0.9365079365079365,0.0
-0.6387655416029105,-0.11778644754415735,-0.5209790940587532,0.4920634920634921,0.4920634920634921,0.0
0.802844016404571,-0.6628413007942786,1.4656853171988495,0.46031746031746024,0.46031746031746024,0.0
-0.3575832614735077,-0.6738050648366353,0.31622180336312755,-0.6825396825396826,-0.6825396825396826,0.0
0.14043098845357582,0.8140494885222299,-0.6736185000686541,0.3650793650793651,0.3650793650793651,0.0
0.359596700260319,-0.032344632744569,0.391941333004888,-0.5873015873015873,-0.5873015873015873,0.0
0.26861967944155596,0.8157699448293402,-0.5471502653877842,0.4920634920634921,0.4920634920634921,0.0
0.7930699374519331,-0.605561620121802,1.3986315575737351,0.39682539682539675,0.39682539682539675,0.0
-0.6328098181438957,0.09794979367188039,-0.7307596118157761,0.3015873015873016,0.3015873015873016,0.0
0.015034929204495673,-0.5261089439672294,0.5411438731717251,-0.46031746031746035,-0.46031746031746035,0.0
-0.1727380966666212,-0.44426770897211726,0.27152961230549605,-0.746031746031746,-0.746031746031746,0.0
-0.04649628693128738,-0.8459017582298782,0.7994054712985909,-0.2063492063492064,-0.2063492063492064,0.0
-0.6854084528440597,-0.6858840406676197,0.000475587823559942,-1.0,-1.0,0.0
-0.6586297022290224,0.7503271337325522,-1.4089568359615745,-0.3650793650793651,-0.3650793650793651,0.0
-0.39946401759373673,-0.3212406153318029,-0.0782234022619338,0.9682539682539681,0.9682539682539681,0.0
-0.3515317132305037,0.19463258144626494,-0.5461642946767686,0.46031746031746024,0.46031746031746024,0.0
-0.12977421537357003,-0.06297456241930866,-0.06679965295426138,0.9365079365079365,0.9365079365079365,0.0
0.19977758466593099,-0.179187758558499,0.37896534322443,-0.6190476190476191,-0.6190476190476191,0.0
0.24233241135287342,0.05739496442292258,0.18493744692995084,-0.8095238095238095,-0.8095238095238095,0.0
-0.15874038614597352,-0.5629698996923853,0.4042295135464118,-0.6190476190476191,-0.6190476190476191,0.0
-0.1641904030283452,0.8794870173352377,-1.0436774203635828,-0.015873015873015928,-0.015873015873015928,0.0
-0.5082686519454684,0.5729541636669534,-1.081222815612422,-0.07936507936507942,-0.07936507936507942,0.0
0.15895124713621478,0.4349063389167275,-0.2759550917805127,0.7777777777777777,0.7777777777777777,0.0
-0.32932635962897183,-0.0562332653748856,-0.27309309425408623,0.746031746031746,0.746031746031746,0.0
-0.8350922983007454,-0.6248211801725952,-0.21027111812815014,0.8095238095238095,0.8095238095238095,0.0
-0.1468799205176513,0.7571985448924222,-0.9040784654100735,0.1428571428571428,0.1428571428571428,0.0
-0.04656118483769345,-0.2855032787128903,0.23894209387519683,-0.7777777777777778,-0.7777777777777778,0.0
-0.49393283723242026,-0.8098079585455192,0.31587512131309897,-0.6825396825396826,-0.6825396825396826,0.0
0.13042427961980818,-0.2836733817408684,0.4140976613606766,-0.5873015873015873,-0.5873015873015873,0.0
0.11838942077745773,0.5300226548925918,-0.4116332341151341,0.6190476190476191,0.6190476190476191,0.0
0.3636039259986684,0.2208757409787746,0.14272818501989382,-0.8412698412698413,-0.8412698412698413,0.0
0.2663072679621782,0.45150945254074737,-0.18520218457856918,0.8412698412698412,0.8412698412698412,0.0
0.27437950173785686,0.5285436909522793,-0.2541641892144224,0.7777777777777777,0.7777777777777777,0.0
-0.3308145267167224,-0.5184817000550234,0.18766717333830096,-0.8095238095238095,-0.8095238095238095,0.0
0.5173779995747169,0.7628099689677245,-0.2454319693930076,0.7777777777777777,0.7777777777777777,0.0
0.08845989047942293,-0.1116187147433293,0.20007860522275223,-0.8095238095238095,-0.8095238095238095,0.0
-0.12344724867619783,0.25022456867549636,-0.3736718173516942,0.6825396825396826,0.6825396825396826,0.0
0.22682246569390274,-0.8958442093438644,1.1226666750377672,0.1428571428571428,0.1428571428571428,0.0
-0.25081679798954226,0.8880632971401204,-1.1388800951296627,-0.07936507936507942,-0.07936507936507942,0.0
0.02293064029216485,-0.3943865052645208,0.41731714555668564,-0.5873015873015873,-0.5873015873015873,0.0
